{"cameraMode":{"drawMode":0,"name":"Shaded","section":"Shading Mode"},"sceneLighting":true,"audioPlay":false,"sceneViewState":{"showFog":true,"showMaterialUpdate":false,"showSkybox":true,"showFlares":true,"showImageEffects":true,"showParticleSystems":true},"in2DMode":false,"pivot":{"x":3.855595588684082,"y":-0.8609404563903809,"z":-1.2695505619049073},"rotation":{"x":-0.2594347298145294,"y":-0.3419385850429535,"z":0.0988227054476738,"w":-0.8977985382080078},"size":7.611702919006348,"orthographic":false}